qb,att,td,cmp,yds,ypa,int
Jameis WinstonJ. Winston,32,4,23,281,8.8,1
Matt RyanM. Ryan,39,2,27,334,8.6,0
Shaun HillS. Hill,33,0,18,236,7.2,0
Marcus MariotaM. Mariota,41,2,25,271,6.6,1
Robert Griffin IIIR. Griffin,26,0,12,190,7.3,1
Carson WentzC. Wentz,37,2,22,278,7.5,0
Andy DaltonA. Dalton,30,1,23,366,12.2,1
Ryan FitzpatrickR. Fitzpatrick,35,2,19,189,5.4,1
Derek CarrD. Carr,38,1,24,319,8.4,0
Drew BreesD. Brees,42,4,28,423,10.1,0
Philip RiversP. Rivers,36,1,25,243,6.8,0
Alex SmithA. Smith,48,2,34,363,7.6,1
Tyrod TaylorT. Taylor,22,0,15,111,5,0
Joe FlaccoJ. Flacco,33,1,22,258,7.8,0
Jay CutlerJ. Cutler,29,1,16,216,7.4,1
Brock OsweilerB. Osweiler,35,2,22,231,6.6,1
Aaron RodgersA. Rodgers,34,2,20,199,5.9,0
Blake BortlesB. Bortles,39,1,24,320,8.2,1
Ryan TannehillR. Tannehill,29,0,16,186,6.4,0
Russell WilsonR. Wilson,43,1,27,258,6,1
Eli ManningE. Manning,28,3,19,207,7.4,1
Dak PrescottD. Prescott,45,0,25,227,5,0
Matthew StaffordM. Stafford,39,3,31,340,8.7,0
Andrew LuckA. Luck,47,4,31,385,8.2,0
Jimmy GaroppoloJ. Garoppolo,33,1,24,264,8,0
Carson PalmerC. Palmer,37,2,24,271,7.3,0
Ben RoethlisbergerB. Roethlisberger,37,3,27,300,8.1,1
Kirk CousinsK. Cousins,43,0,30,329,7.7,2
Case KeenumC. Keenum,35,0,17,130,3.7,2
Blaine GabbertB. Gabbert,35,1,22,170,4.9,0
Ryan FitzpatrickR. Fitzpatrick,34,1,24,374,11,0
Tyrod TaylorT. Taylor,30,3,18,297,9.9,1
E.J. ManuelE. Manuel,1,0,1,10,10,0
Blaine GabbertB. Gabbert,36,2,17,243,6.8,2
Cam NewtonC. Newton,40,4,24,353,8.8,1
Dak PrescottD. Prescott,30,0,22,292,9.7,0
Kirk CousinsK. Cousins,46,1,28,364,7.9,1
Andy DaltonA. Dalton,54,1,31,366,6.8,0
Ben RoethlisbergerB. Roethlisberger,37,3,19,259,7,2
Drew BreesD. Brees,44,1,29,263,6,0
Eli ManningE. Manning,41,0,32,368,9,0
Ryan TannehillR. Tannehill,45,2,32,387,8.6,2
Jimmy GaroppoloJ. Garoppolo,26,3,18,232,8.9,0
Jacoby BrissettJ. Brissett,9,0,6,92,10.2,0
Alex SmithA. Smith,37,0,20,186,5,0
Brock OsweilerB. Osweiler,33,1,19,268,8.1,2
Marcus MariotaM. Mariota,33,2,25,238,7.2,1
Matthew StaffordM. Stafford,40,1,22,260,6.5,1
Joe FlaccoJ. Flacco,45,2,25,302,6.7,2
Josh McCownJ. McCown,33,2,20,260,7.9,2
Russell WilsonR. Wilson,35,0,22,254,7.3,0
Case KeenumC. Keenum,30,0,18,239,8,0
Jameis WinstonJ. Winston,52,1,27,243,4.7,4
Carson PalmerC. Palmer,30,3,17,304,10.1,0
Drew StantonD. Stanton,4,0,1,11,2.8,0
Blake BortlesB. Bortles,50,2,31,329,6.6,2
Philip RiversP. Rivers,24,4,17,220,9.2,0
Kellen ClemensK. Clemens,1,0,0,0,0,0
Matt RyanM. Ryan,34,3,26,396,11.6,1
Derek CarrD. Carr,45,3,34,299,6.6,0
Andrew LuckA. Luck,40,1,21,197,4.9,1
Trevor SiemianT. Siemian,33,0,22,266,8.1,1
Aaron RodgersA. Rodgers,36,1,20,213,5.9,1
Sam BradfordS. Bradford,31,2,22,286,9.2,0
Carson WentzC. Wentz,34,1,21,190,5.6,0
Jay CutlerJ. Cutler,17,0,12,157,9.2,1
Brian HoyerB. Hoyer,12,0,9,78,6.5,0
Brock OsweilerB. Osweiler,41,0,24,196,4.8,1
Jacoby BrissettJ. Brissett,19,0,11,103,5.4,0
Carson PalmerC. Palmer,50,0,26,287,5.7,4
Tyrod TaylorT. Taylor,25,0,14,119,4.8,1
Derek CarrD. Carr,35,1,21,249,7.1,1
Marcus MariotaM. Mariota,33,0,17,214,6.5,2
Kirk CousinsK. Cousins,35,2,21,296,8.5,0
Tress WayT. Way,1,0,1,31,31,0
Eli ManningE. Manning,38,1,25,350,9.2,2
Cody KesslerC. Kessler,33,0,21,244,7.4,0
Terrelle PryorT. Pryor,5,0,3,35,7,0
Ryan TannehillR. Tannehill,39,3,25,319,8.2,2
Joe FlaccoJ. Flacco,40,0,29,214,5.3,2
Blake BortlesB. Bortles,38,2,24,194,5.1,3
Matthew StaffordM. Stafford,41,3,28,385,9.4,1
Aaron RodgersA. Rodgers,24,4,15,205,8.5,0
Trevor SiemianT. Siemian,35,4,23,312,8.9,0
Andy DaltonA. Dalton,31,0,21,206,6.6,1
Sam BradfordS. Bradford,28,1,18,171,6.1,0
Cam NewtonC. Newton,35,0,21,262,7.5,3
Derek AndersonD. Anderson,1,0,1,3,3,0
Case KeenumC. Keenum,26,2,14,190,7.3,1
Jameis WinstonJ. Winston,58,3,36,405,7,1
Blaine GabbertB. Gabbert,25,0,14,119,4.8,1
Russell WilsonR. Wilson,23,1,15,243,10.6,0
Trevone BoykinT. Boykin,9,1,7,65,7.2,1
Ryan FitzpatrickR. Fitzpatrick,44,0,20,188,4.3,6
Alex SmithA. Smith,33,1,25,237,7.2,0
Philip RiversP. Rivers,39,0,26,326,8.4,0
Andrew LuckA. Luck,37,1,24,331,8.9,1
Ben RoethlisbergerB. Roethlisberger,44,0,24,257,5.8,1
Carson WentzC. Wentz,31,2,23,301,9.7,0
Brian HoyerB. Hoyer,49,2,30,317,6.5,0
Dak PrescottD. Prescott,24,1,19,248,10.3,0
Matt RyanM. Ryan,30,2,20,240,8,0
Drew BreesD. Brees,54,3,36,376,7,1
Ryan TannehillR. Tannehill,25,1,15,189,7.6,1
Andy DaltonA. Dalton,31,1,22,296,9.5,0
Andrew LuckA. Luck,42,2,27,234,5.6,1
Blake BortlesB. Bortles,33,2,19,207,6.3,0
Marcus MariotaM. Mariota,29,0,13,202,7,1
Brock OsweilerB. Osweiler,37,2,25,254,6.9,2
Cody KesslerC. Kessler,40,1,28,223,5.6,1
Kirk CousinsK. Cousins,27,3,21,183,6.8,1
Russell WilsonR. Wilson,32,3,23,309,9.7,0
Ryan FitzpatrickR. Fitzpatrick,41,1,23,261,6.4,3
Tyrod TaylorT. Taylor,39,1,27,246,6.3,0
Jacoby BrissettJ. Brissett,27,0,17,205,7.6,0
Cam NewtonC. Newton,25,1,14,165,6.6,0
Derek AndersonD. Anderson,23,2,17,172,7.5,2
Matt RyanM. Ryan,37,4,28,503,13.6,1
Derek CarrD. Carr,35,4,25,199,5.7,0
Joe FlaccoJ. Flacco,52,1,32,298,5.7,0
Matthew StaffordM. Stafford,36,0,23,213,5.9,2
Brian HoyerB. Hoyer,36,2,28,302,8.4,0
Paxton LynchP. Lynch,24,1,14,170,7.1,0
Trevor SiemianT. Siemian,7,1,5,68,9.7,0
Jameis WinstonJ. Winston,35,0,17,179,5.1,2
Case KeenumC. Keenum,30,2,18,266,8.9,0
Carson PalmerC. Palmer,36,1,23,288,8,1
Drew StantonD. Stanton,11,0,4,37,3.4,2
Drew BreesD. Brees,36,2,23,207,5.8,2
Philip RiversP. Rivers,43,2,28,321,7.5,1
Dak PrescottD. Prescott,32,2,23,245,7.7,0
Blaine GabbertB. Gabbert,23,1,16,196,8.5,1
Alex SmithA. Smith,50,2,30,287,5.7,1
Ben RoethlisbergerB. Roethlisberger,27,5,22,300,11.1,0
Eli ManningE. Manning,45,0,25,261,5.8,1
Sam BradfordS. Bradford,36,1,26,262,7.3,0
Drew StantonD. Stanton,28,2,11,124,4.4,0
Blaine GabbertB. Gabbert,31,1,18,162,5.2,2
Tom BradyT. Brady,40,3,28,406,10.2,0
Jimmy GaroppoloJ. Garoppolo,1,0,0,0,0,0
Charlie WhitehurstC. Whitehurst,24,1,14,182,7.6,1
Cody KesslerC. Kessler,8,1,5,62,7.8,0
Terrelle PryorT. Pryor,3,0,1,5,1.7,0
Carson WentzC. Wentz,33,2,25,238,7.2,1
Matthew StaffordM. Stafford,25,3,19,180,7.2,0
Brian HoyerB. Hoyer,43,2,33,397,9.2,0
Andrew LuckA. Luck,39,2,28,322,8.3,0
Marcus MariotaM. Mariota,29,3,20,163,5.6,0
Ryan TannehillR. Tannehill,18,0,12,191,10.6,2
Kirk CousinsK. Cousins,41,1,29,260,6.3,1
Joe FlaccoJ. Flacco,46,1,30,210,4.6,0
Justin TuckerJ. Tucker,1,0,0,0,0,0
Brock OsweilerB. Osweiler,42,1,19,184,4.4,1
Sam BradfordS. Bradford,30,2,22,271,9,0
Ryan FitzpatrickR. Fitzpatrick,38,1,25,255,6.7,0
Ben RoethlisbergerB. Roethlisberger,47,4,34,380,8.1,0
Matt RyanM. Ryan,28,1,15,267,9.5,0
Paxton LynchP. Lynch,35,1,23,223,6.4,1
Andy DaltonA. Dalton,41,2,29,269,6.6,0
Dak PrescottD. Prescott,24,1,18,227,9.5,0
Tyrod TaylorT. Taylor,23,2,12,124,5.4,0
Case KeenumC. Keenum,31,0,21,271,8.7,2
Philip RiversP. Rivers,30,4,21,359,12,2
Derek CarrD. Carr,40,2,25,317,7.9,1
Eli ManningE. Manning,35,1,18,199,5.7,0
Odell Beckham Jr.O. Beckham,0,0,0,0,0,0
Aaron RodgersA. Rodgers,45,2,23,259,5.8,2
Jameis WinstonJ. Winston,30,1,18,219,7.3,0
Derek AndersonD. Anderson,28,0,18,278,9.9,2
Trevor SiemianT. Siemian,50,1,30,230,4.6,0
Philip RiversP. Rivers,29,1,18,178,6.1,0
Colin KaepernickC. Kaepernick,29,1,13,187,6.4,0
Tyrod TaylorT. Taylor,25,2,16,179,7.2,0
E.J. ManuelE. Manuel,2,0,0,0,0,0
Carson WentzC. Wentz,22,0,11,179,8.1,0
Kirk CousinsK. Cousins,34,2,18,263,7.7,1
Cody KesslerC. Kessler,41,2,26,336,8.2,0
Terrelle PryorT. Pryor,1,0,1,1,1,0
Marcus MariotaM. Mariota,24,3,17,284,11.8,1
Joe FlaccoJ. Flacco,48,0,26,307,6.4,0
Eli ManningE. Manning,46,3,32,403,8.8,2
Cam NewtonC. Newton,47,2,27,322,6.9,1
Drew BreesD. Brees,49,4,34,465,9.5,1
Blake BortlesB. Bortles,33,1,20,271,8.2,1
Brian HoyerB. Hoyer,49,0,30,302,6.2,0
Case KeenumC. Keenum,32,3,27,321,10,1
Matthew StaffordM. Stafford,31,4,23,270,8.7,0
Ben RoethlisbergerB. Roethlisberger,34,1,19,189,5.6,2
Landry JonesL. Jones,1,0,0,0,0,0
Ryan TannehillR. Tannehill,32,0,24,252,7.9,0
Andy DaltonA. Dalton,31,1,21,254,8.2,0
Tom BradyT. Brady,35,3,29,376,10.7,0
Alex SmithA. Smith,22,0,19,224,10.2,0
Jeremy MaclinJ. Maclin,1,0,0,0,0,0
Derek CarrD. Carr,34,1,22,225,6.6,1
Matt RyanM. Ryan,42,3,27,335,8,1
Russell WilsonR. Wilson,37,0,25,270,7.3,0
Dak PrescottD. Prescott,27,3,18,247,9.1,1
Aaron RodgersA. Rodgers,42,1,31,294,7,1
Andrew LuckA. Luck,32,1,21,252,7.9,1
Brock OsweilerB. Osweiler,39,2,25,269,6.9,1
Ryan FitzpatrickR. Fitzpatrick,31,0,16,174,5.6,1
Geno SmithG. Smith,6,0,4,31,5.2,1
Carson PalmerC. Palmer,34,1,23,213,6.3,0
Drew StantonD. Stanton,1,0,1,12,12,0
Matt BarkleyM. Barkley,15,0,6,81,5.4,2
Brian HoyerB. Hoyer,11,0,4,49,4.5,0
Aaron RodgersA. Rodgers,56,3,39,326,5.8,0
Eli ManningE. Manning,37,0,24,196,5.3,0
Case KeenumC. Keenum,53,1,32,291,5.5,4
Drew BreesD. Brees,48,3,37,367,7.6,1
Alex SmithA. Smith,24,2,17,214,8.9,0
Andrew LuckA. Luck,39,3,27,353,9.1,0
Marcus MariotaM. Mariota,37,2,22,232,6.3,0
Sam BradfordS. Bradford,41,1,24,224,5.5,1
Carson WentzC. Wentz,28,1,16,138,4.9,2
Kevin HoganK. Hogan,24,0,12,100,4.2,2
Cody KesslerC. Kessler,11,0,9,82,7.5,0
Andy DaltonA. Dalton,28,2,19,308,11,0
Kirk CousinsK. Cousins,39,1,30,301,7.7,0
Matthew StaffordM. Stafford,29,1,18,266,9.2,0
Derek CarrD. Carr,37,1,23,200,5.4,0
Blake BortlesB. Bortles,43,1,23,246,5.7,2
Tyrod TaylorT. Taylor,28,1,14,221,7.9,0
Ryan TannehillR. Tannehill,25,1,15,204,8.2,0
Joe FlaccoJ. Flacco,44,0,25,248,5.6,2
Ryan FitzpatrickR. Fitzpatrick,14,1,9,120,8.6,0
Geno SmithG. Smith,8,1,4,95,11.9,0
Jameis WinstonJ. Winston,30,3,21,269,9,1
Colin KaepernickC. Kaepernick,34,1,16,143,4.2,1
Philip RiversP. Rivers,44,1,27,371,8.4,1
Travis BenjaminT. Benjamin,1,0,0,0,0,0
Matt RyanM. Ryan,34,1,22,273,8,1
Tom BradyT. Brady,26,2,19,222,8.5,0
Landry JonesL. Jones,47,1,29,281,6,1
Russell WilsonR. Wilson,37,0,24,225,6.1,0
Carson PalmerC. Palmer,49,0,29,342,7,0
Brock OsweilerB. Osweiler,41,0,22,131,3.2,0
Trevor SiemianT. Siemian,25,1,14,157,6.3,0
Blake BortlesB. Bortles,54,3,33,337,6.2,0
Marcus MariotaM. Mariota,22,2,18,270,12.3,0
Matt CasselM. Cassel,1,0,1,10,10,0
Kirk CousinsK. Cousins,56,2,38,458,8.2,1
Andy DaltonA. Dalton,42,1,27,284,6.8,1
Nick FolesN. Foles,22,2,16,223,10.1,0
Alex SmithA. Smith,19,1,9,127,6.7,0
Andrew LuckA. Luck,35,2,19,210,6,1
Derek CarrD. Carr,59,4,40,513,8.7,0
Jameis WinstonJ. Winston,32,2,16,180,5.6,0
Russell WilsonR. Wilson,34,0,22,253,7.4,1
Tanner McEvoyT. McEvoy,1,0,1,43,43,0
Jon RyanJ. Ryan,1,0,0,0,0,0
Drew BreesD. Brees,35,1,27,265,7.6,0
Matthew StaffordM. Stafford,41,1,27,240,5.9,0
Brock OsweilerB. Osweiler,29,1,20,186,6.4,1
Ryan FitzpatrickR. Fitzpatrick,34,1,16,228,6.7,0
Josh McCownJ. McCown,49,2,25,341,7,2
Kevin HoganK. Hogan,2,0,2,4,2,0
Aaron RodgersA. Rodgers,38,4,28,246,6.5,0
Matt RyanM. Ryan,35,3,28,288,8.2,0
Tom BradyT. Brady,33,4,22,315,9.5,0
Jimmy GaroppoloJ. Garoppolo,0,0,0,0,0,0
Tyrod TaylorT. Taylor,38,0,19,183,4.8,0
E.J. ManuelE. Manuel,2,0,1,35,17.5,0
Philip RiversP. Rivers,47,2,20,267,5.7,3
Trevor SiemianT. Siemian,38,0,20,276,7.3,1
Carson PalmerC. Palmer,46,3,35,363,7.9,1
Cam NewtonC. Newton,27,0,14,212,7.9,0
Carson WentzC. Wentz,43,1,32,202,4.7,0
Josh HuffJ. Huff,1,0,0,0,0,0
Dak PrescottD. Prescott,39,2,19,287,7.4,1
Cole BeasleyC. Beasley,1,0,0,0,0,0
Sam BradfordS. Bradford,37,1,23,228,6.2,0
Jay CutlerJ. Cutler,31,1,20,252,8.1,0
Matt RyanM. Ryan,34,4,25,344,10.1,0
Jameis WinstonJ. Winston,37,3,23,261,7.1,0
Mike GlennonM. Glennon,11,1,10,75,6.8,0
Matthew StaffordM. Stafford,36,2,23,219,6.1,1
Sam BradfordS. Bradford,40,1,31,273,6.8,0
Carson WentzC. Wentz,47,0,27,364,7.7,2
Eli ManningE. Manning,36,4,22,257,7.1,2
Ryan FitzpatrickR. Fitzpatrick,27,1,16,194,7.2,2
Bryce PettyB. Petty,2,0,2,19,9.5,0
Ryan TannehillR. Tannehill,28,1,17,149,5.3,0
Jarvis LandryJ. Landry,1,0,0,0,0,0
Blake BortlesB. Bortles,41,2,22,252,6.1,1
Nick FolesN. Foles,33,1,20,187,5.7,0
Dak PrescottD. Prescott,27,3,21,247,9.1,0
Mark SanchezM. Sanchez,1,0,1,8,8,0
Cody KesslerC. Kessler,27,1,19,203,7.5,0
Ben RoethlisbergerB. Roethlisberger,45,1,23,264,5.9,1
Joe FlaccoJ. Flacco,30,1,18,241,8,1
Ryan MallettR. Mallett,1,0,1,9,9,0
Drew BreesD. Brees,39,3,28,323,8.3,0
Colin KaepernickC. Kaepernick,39,2,24,398,10.2,1
Cam NewtonC. Newton,32,1,20,225,7,0
Case KeenumC. Keenum,46,1,27,296,6.4,1
Andrew LuckA. Luck,36,1,23,281,7.8,2
Aaron RodgersA. Rodgers,43,3,26,297,6.9,1
Marcus MariotaM. Mariota,43,3,27,313,7.3,2
Philip RiversP. Rivers,33,2,24,275,8.3,0
Trevor SiemianT. Siemian,37,2,18,283,7.6,1
Derek CarrD. Carr,31,0,20,184,5.9,0
Tyrod TaylorT. Taylor,38,1,27,289,7.6,1
Jonathan WilliamsJ. Williams,1,0,0,0,0,0
Russell WilsonR. Wilson,26,2,20,282,10.8,0
Cody KesslerC. Kessler,18,1,11,91,5.1,0
Josh McCownJ. McCown,13,0,6,59,4.5,2
Joe FlaccoJ. Flacco,41,3,30,296,7.2,2
Brock OsweilerB. Osweiler,27,2,14,99,3.7,0
Blake BortlesB. Bortles,49,2,32,265,5.4,1
Trevor SiemianT. Siemian,40,2,25,258,6.5,2
Drew BreesD. Brees,29,3,21,303,10.4,2
Case KeenumC. Keenum,30,0,17,165,5.5,0
Bryce PettyB. Petty,32,1,19,163,5.1,1
Matt RyanM. Ryan,33,1,18,267,8.1,1
Carson WentzC. Wentz,36,0,25,231,6.4,0
Alex SmithA. Smith,38,0,25,178,4.7,1
Cam NewtonC. Newton,38,1,23,261,6.9,1
Jay CutlerJ. Cutler,30,1,16,182,6.1,2
Jameis WinstonJ. Winston,33,2,23,312,9.5,1
Sam BradfordS. Bradford,40,2,31,307,7.7,1
Kirk CousinsK. Cousins,33,2,22,262,7.9,0
Aaron RodgersA. Rodgers,51,2,31,371,7.3,2
Brett HundleyB. Hundley,4,0,1,8,2,0
Marcus MariotaM. Mariota,26,4,19,295,11.3,0
DeMarco MurrayD. Murray,1,1,1,10,10,0
Ryan TannehillR. Tannehill,24,2,17,240,10,0
Philip RiversP. Rivers,44,3,23,326,7.4,4
Colin KaepernickC. Kaepernick,30,1,17,210,7,0
Carson PalmerC. Palmer,49,1,30,376,7.7,2
Dak PrescottD. Prescott,32,2,22,319,10,0
Ben RoethlisbergerB. Roethlisberger,46,3,37,408,8.9,0
Russell WilsonR. Wilson,37,3,25,348,9.4,0
Tom BradyT. Brady,32,0,23,316,9.9,1
Andy DaltonA. Dalton,29,1,16,204,7,1
Eli ManningE. Manning,44,3,28,240,5.5,2
Drew BreesD. Brees,44,2,35,285,6.5,1
Cam NewtonC. Newton,33,1,14,192,5.8,0
Ben RoethlisbergerB. Roethlisberger,36,0,23,167,4.6,0
Josh McCownJ. McCown,27,1,14,118,4.4,0
Cody KesslerC. Kessler,14,0,7,128,9.1,1
Joe FlaccoJ. Flacco,35,1,23,269,7.7,0
Dak PrescottD. Prescott,36,3,27,301,8.4,0
Blake BortlesB. Bortles,35,2,22,202,5.8,2
Matthew StaffordM. Stafford,33,0,24,278,8.4,0
Marcus MariotaM. Mariota,38,2,25,290,7.6,0
Andrew LuckA. Luck,28,2,15,262,9.4,1
Tyrod TaylorT. Taylor,27,0,19,166,6.1,1
Andy DaltonA. Dalton,43,1,24,207,4.8,2
Jameis WinstonJ. Winston,39,1,24,331,8.5,0
Alex SmithA. Smith,31,1,24,261,8.4,1
Jay CutlerJ. Cutler,30,1,17,252,8.4,1
Eli ManningE. Manning,36,2,21,227,6.3,0
Carson PalmerC. Palmer,38,2,20,198,5.2,2
Sam BradfordS. Bradford,28,1,20,169,6,0
Ryan TannehillR. Tannehill,34,2,24,172,5.1,1
Jared GoffJ. Goff,31,0,17,134,4.3,0
Tom BradyT. Brady,40,4,24,280,7,0
Colin KaepernickC. Kaepernick,30,2,16,206,6.9,0
Carson WentzC. Wentz,45,2,23,218,4.8,2
Russell WilsonR. Wilson,31,1,18,272,8.8,0
Doug BaldwinD. Baldwin,1,1,1,15,15,0
Aaron RodgersA. Rodgers,41,3,26,351,8.6,0
Brett HundleyB. Hundley,3,0,1,9,3,1
Kirk CousinsK. Cousins,30,3,21,375,12.5,0
Brock OsweilerB. Osweiler,39,1,26,243,6.2,1
Derek CarrD. Carr,31,3,21,295,9.5,1
Sam BradfordS. Bradford,37,0,31,224,6.1,1
Matthew StaffordM. Stafford,40,1,23,232,5.8,0
Kirk CousinsK. Cousins,53,3,41,449,8.5,0
Dak PrescottD. Prescott,24,1,17,195,8.1,0
Ben RoethlisbergerB. Roethlisberger,20,3,14,221,11.1,0
Landry JonesL. Jones,1,0,0,0,0,0
Scott TolzienS. Tolzien,36,1,22,205,5.7,2
Pat McAfeeP. McAfee,1,0,1,35,35,0
Marcus MariotaM. Mariota,23,2,15,226,9.8,0
Matt BarkleyM. Barkley,54,3,28,316,5.9,2
Blake BortlesB. Bortles,26,2,13,126,4.8,0
Tyrod TaylorT. Taylor,18,1,12,166,9.2,0
Andy DaltonA. Dalton,48,1,26,283,5.9,0
Joe FlaccoJ. Flacco,36,1,25,234,6.5,1
Carson PalmerC. Palmer,45,2,25,289,6.4,1
Matt RyanM. Ryan,34,2,26,269,7.9,1
Eli ManningE. Manning,27,3,15,194,7.2,0
Josh McCownJ. McCown,43,1,25,322,7.5,0
Duke JohnsonD. Johnson,1,0,0,0,0,0
Jared GoffJ. Goff,32,3,20,214,6.7,1
Drew BreesD. Brees,36,4,28,310,8.6,0
Willie SneadW. Snead,1,1,1,50,50,0
Colin KaepernickC. Kaepernick,46,3,29,296,6.4,1
Ryan TannehillR. Tannehill,30,3,20,285,9.5,0
Philip RiversP. Rivers,30,3,22,242,8.1,1
Brock OsweilerB. Osweiler,37,0,22,246,6.6,3
Russell WilsonR. Wilson,33,0,17,151,4.6,2
Jameis WinstonJ. Winston,28,2,21,220,7.9,1
Cam NewtonC. Newton,29,2,14,246,8.5,1
Derek CarrD. Carr,38,2,26,315,8.3,1
Matt McGloinM. McGloin,1,0,0,0,0,0
Alex SmithA. Smith,44,1,26,220,5,0
Trevor SiemianT. Siemian,34,3,20,368,10.8,0
Tom BradyT. Brady,50,2,30,286,5.7,0
Ryan FitzpatrickR. Fitzpatrick,32,2,22,269,8.4,0
Aaron RodgersA. Rodgers,39,2,30,313,8,0
Carson WentzC. Wentz,36,0,24,254,7.1,1
Dak PrescottD. Prescott,18,1,12,139,7.7,0
Sam BradfordS. Bradford,45,1,32,247,5.5,0
Shaun HillS. Hill,1,0,1,6,6,0
Jerick McKinnonJ. McKinnon,1,0,0,0,0,0
Alex SmithA. Smith,25,1,21,270,10.8,0
Matt RyanM. Ryan,34,1,22,297,8.7,1
Matthew StaffordM. Stafford,42,2,30,341,8.1,0
Drew BreesD. Brees,44,0,31,326,7.4,3
Jared GoffJ. Goff,32,1,14,161,5,2
Tom BradyT. Brady,46,1,33,269,5.8,0
Paxton LynchP. Lynch,24,0,12,104,4.3,0
Blake BortlesB. Bortles,42,0,19,181,4.3,2
Brock OsweilerB. Osweiler,35,2,22,202,5.8,0
Aaron RodgersA. Rodgers,30,2,20,209,7,0
Carson WentzC. Wentz,60,1,36,308,5.1,3
Andy DaltonA. Dalton,31,2,23,332,10.7,0
Ryan TannehillR. Tannehill,40,1,29,226,5.7,3
Joe FlaccoJ. Flacco,47,4,36,381,8.1,1
Ryan MallettR. Mallett,3,0,1,5,1.7,0
Blaine GabbertB. Gabbert,10,0,4,35,3.5,0
Colin KaepernickC. Kaepernick,5,0,1,4,0.8,0
Matt BarkleyM. Barkley,18,0,11,192,10.7,0
Tyrod TaylorT. Taylor,35,0,18,191,5.5,1
Derek CarrD. Carr,35,2,19,260,7.4,0
Eli ManningE. Manning,39,2,24,195,5,2
Ben RoethlisbergerB. Roethlisberger,36,2,24,289,8,1
Le'Veon BellL. Bell,1,0,0,0,0,0
Kirk CousinsK. Cousins,37,1,21,271,7.3,1
Carson PalmerC. Palmer,46,3,30,300,6.5,0
Jameis WinstonJ. Winston,30,1,20,280,9.3,1
Philip RiversP. Rivers,26,2,15,225,8.7,2
Cam NewtonC. Newton,32,1,14,182,5.7,0
Derek AndersonD. Anderson,1,0,0,0,0,1
Russell WilsonR. Wilson,36,1,26,277,7.7,1
Trevone BoykinT. Boykin,3,0,2,38,12.7,0
Andrew LuckA. Luck,28,4,22,278,9.9,0
Scott TolzienS. Tolzien,1,0,1,11,11,0
Bryce PettyB. Petty,25,1,11,135,5.4,2
Ryan FitzpatrickR. Fitzpatrick,12,0,5,81,6.8,1
Derek CarrD. Carr,41,0,17,117,2.9,0
Alex SmithA. Smith,26,1,17,264,10.2,1
Ben RoethlisbergerB. Roethlisberger,31,0,17,220,7.1,3
Tyrod TaylorT. Taylor,25,2,15,228,9.1,1
Trevor SiemianT. Siemian,51,1,35,334,6.5,0
Riley DixonR. Dixon,1,0,1,16,16,0
Marcus MariotaM. Mariota,20,0,6,88,4.4,0
DeMarco MurrayD. Murray,1,0,0,0,0,0
Drew BreesD. Brees,41,0,25,257,6.3,3
Jameis WinstonJ. Winston,26,0,16,184,7.1,0
Kirk CousinsK. Cousins,21,2,14,234,11.1,1
Carson WentzC. Wentz,46,1,32,314,6.8,1
Carson PalmerC. Palmer,33,2,18,145,4.4,2
Ryan TannehillR. Tannehill,20,3,15,195,9.8,1
Matt MooreM. Moore,5,0,3,47,9.4,0
Philip RiversP. Rivers,39,2,21,236,6.1,3
Cam NewtonC. Newton,27,1,10,160,5.9,1
Andy DaltonA. Dalton,28,2,20,180,6.4,0
Robert Griffin IIIR. Griffin,28,0,12,104,3.7,1
Matt BarkleyM. Barkley,32,1,20,212,6.6,0
Matthew StaffordM. Stafford,35,1,21,223,6.4,2
Brock OsweilerB. Osweiler,24,0,14,147,6.1,1
Andrew LuckA. Luck,45,2,24,276,6.1,2
Sam BradfordS. Bradford,34,1,24,292,8.6,0
Blake BortlesB. Bortles,37,1,23,257,6.9,0
Bryce PettyB. Petty,35,0,23,257,7.3,1
Colin KaepernickC. Kaepernick,26,1,15,133,5.1,0
Matt RyanM. Ryan,28,3,18,237,8.5,0
Matt SchaubM. Schaub,2,0,0,0,0,0
Jared GoffJ. Goff,41,0,24,235,5.7,2
Russell WilsonR. Wilson,39,1,22,240,6.2,5
Aaron RodgersA. Rodgers,23,3,18,246,10.7,0
Brett HundleyB. Hundley,2,0,0,0,0,0
Dak PrescottD. Prescott,37,1,17,165,4.5,2
Eli ManningE. Manning,28,1,17,193,6.9,1
Joe FlaccoJ. Flacco,52,2,37,324,6.2,1
Tom BradyT. Brady,38,3,25,406,10.7,1
Jared GoffJ. Goff,25,0,13,135,5.4,0
Case KeenumC. Keenum,9,0,5,32,3.6,0
Johnny HekkerJ. Hekker,1,0,0,0,0,0
Russell WilsonR. Wilson,26,3,19,229,8.8,1
Matt MooreM. Moore,18,4,12,236,13.1,1
Bryce PettyB. Petty,36,1,20,235,6.5,2
Ryan FitzpatrickR. Fitzpatrick,10,0,5,31,3.1,1
Aaron RodgersA. Rodgers,31,0,19,252,8.1,0
Matt BarkleyM. Barkley,43,2,30,362,8.4,3
Jameis WinstonJ. Winston,35,2,17,247,7.1,3
Dak PrescottD. Prescott,36,0,32,279,7.8,0
Blake BortlesB. Bortles,28,0,12,92,3.3,1
Tom SavageT. Savage,36,0,23,260,7.2,0
Brock OsweilerB. Osweiler,11,0,6,48,4.4,2
Robert Griffin IIIR. Griffin,28,0,17,196,7,0
Tyrod TaylorT. Taylor,24,1,17,174,7.2,0
E.J. ManuelE. Manuel,1,0,0,0,0,0
Carson WentzC. Wentz,42,0,22,170,4,1
Joe FlaccoJ. Flacco,30,2,16,206,6.9,1
Marcus MariotaM. Mariota,33,0,19,241,7.3,1
Alex SmithA. Smith,28,0,15,163,5.8,1
Matthew StaffordM. Stafford,39,0,24,273,7,1
Eli ManningE. Manning,28,2,20,201,7.2,0
Andrew LuckA. Luck,28,2,21,250,8.9,0
Sam BradfordS. Bradford,42,0,32,291,6.9,1
Drew BreesD. Brees,48,4,37,389,8.1,0
Carson PalmerC. Palmer,40,2,28,318,8,0
Colin KaepernickC. Kaepernick,33,2,20,183,5.5,0
Matt RyanM. Ryan,23,2,17,286,12.4,0
Matt SchaubM. Schaub,1,0,1,16,16,0
Tom BradyT. Brady,32,0,16,188,5.9,0
Trevor SiemianT. Siemian,40,0,25,282,7,1
Derek CarrD. Carr,30,1,19,213,7.1,1
Philip RiversP. Rivers,30,2,17,206,6.9,1
Ben RoethlisbergerB. Roethlisberger,36,1,21,286,7.9,0
Andy DaltonA. Dalton,27,0,16,157,5.8,1
Cam NewtonC. Newton,37,2,21,300,8.1,0
Kirk CousinsK. Cousins,47,0,32,315,6.7,1
Eli ManningE. Manning,63,1,38,356,5.7,3
Carson WentzC. Wentz,24,1,13,152,6.3,1
Chase DanielC. Daniel,1,0,1,16,16,0
Matt MooreM. Moore,30,2,16,233,7.8,1
Tyrod TaylorT. Taylor,39,3,26,329,8.4,0
Jameis WinstonJ. Winston,35,2,23,277,7.9,2
Drew BreesD. Brees,34,1,23,299,8.8,0
Ryan FitzpatrickR. Fitzpatrick,21,0,8,136,6.5,2
Bryce PettyB. Petty,3,0,0,0,0,1
Tom BradyT. Brady,27,3,17,214,7.9,0
Jimmy GaroppoloJ. Garoppolo,2,0,1,6,3,0
Matt CasselM. Cassel,24,1,13,124,5.2,1
Marcus MariotaM. Mariota,20,1,8,99,5,0
Blake BortlesB. Bortles,38,1,26,325,8.6,0
Marqise LeeM. Lee,1,1,1,20,20,0
Sam BradfordS. Bradford,50,3,34,382,7.6,0
Aaron RodgersA. Rodgers,38,4,28,347,9.1,0
Brett HundleyB. Hundley,1,0,0,0,0,0
Philip RiversP. Rivers,46,2,23,322,7,1
Robert Griffin IIIR. Griffin,25,0,17,164,6.6,0
Cody KesslerC. Kessler,3,0,2,11,3.7,0
Kirk CousinsK. Cousins,29,1,18,270,9.3,0
Matt BarkleyM. Barkley,40,2,24,323,8.1,5
Matt RyanM. Ryan,33,2,27,277,8.4,0
Cam NewtonC. Newton,43,1,18,198,4.6,2
Andrew LuckA. Luck,29,2,19,288,9.9,2
Derek CarrD. Carr,31,3,21,232,7.5,0
Matt McGloinM. McGloin,3,0,2,29,9.7,0
Carson PalmerC. Palmer,26,1,16,284,10.9,0
Larry FitzgeraldL. Fitzgerald,1,0,0,0,0,0
Russell WilsonR. Wilson,45,4,29,350,7.8,0
Colin KaepernickC. Kaepernick,37,2,28,266,7.2,1
Jared GoffJ. Goff,24,1,11,90,3.8,2
Andy DaltonA. Dalton,41,1,28,268,6.5,1
Tom SavageT. Savage,29,0,18,176,6.1,0
Joe FlaccoJ. Flacco,44,1,30,262,6,1
Ben RoethlisbergerB. Roethlisberger,33,3,24,279,8.5,2
Trevor SiemianT. Siemian,43,0,17,183,4.3,1
Alex SmithA. Smith,36,1,25,244,6.8,1
Dontari PoeD. Poe,1,1,1,2,2,0
Matthew StaffordM. Stafford,46,0,26,260,5.7,1
Dak PrescottD. Prescott,20,3,15,212,10.6,0
Dez BryantD. Bryant,1,1,1,10,10,0
Drew BreesD. Brees,50,2,29,350,7,1
Matt RyanM. Ryan,36,4,27,331,9.2,0
Joe FlaccoJ. Flacco,49,0,32,267,5.4,1
Ryan MallettR. Mallett,2,0,1,12,6,1
Andy DaltonA. Dalton,28,1,18,226,8.1,0
Eli ManningE. Manning,27,0,17,180,6.7,0
Kirk CousinsK. Cousins,35,1,22,287,8.2,2
Brock OsweilerB. Osweiler,40,1,21,253,6.3,0
Tom SavageT. Savage,8,0,5,25,3.1,0
Matt CasselM. Cassel,26,1,16,150,5.8,1
Cam NewtonC. Newton,32,1,18,237,7.4,3
Jameis WinstonJ. Winston,35,1,20,202,5.8,1
Aaron RodgersA. Rodgers,39,4,27,300,7.7,0
Matthew StaffordM. Stafford,41,2,26,347,8.5,1
Blake BortlesB. Bortles,39,1,25,301,7.7,0
Andrew LuckA. Luck,40,2,24,321,8,1
Antonio MorrisonA. Morrison,1,0,0,0,0,0
Tom BradyT. Brady,33,3,25,276,8.4,0
Jimmy GaroppoloJ. Garoppolo,1,0,0,0,0,0
Matt MooreM. Moore,34,2,24,205,6,1
Matt BarkleyM. Barkley,14,0,10,125,8.9,2
David FalesD. Fales,5,0,2,22,4.4,0
Cameron MeredithC. Meredith,1,1,1,2,2,0
Sam BradfordS. Bradford,33,3,25,250,7.6,1
Shaun HillS. Hill,1,0,0,0,0,0
E.J. ManuelE. Manuel,20,0,9,86,4.3,0
Cardale JonesC. Jones,11,0,6,96,8.7,1
Ryan FitzpatrickR. Fitzpatrick,30,2,20,210,7,0
Mark SanchezM. Sanchez,17,0,9,85,5,2
Dak PrescottD. Prescott,8,0,4,37,4.6,0
Tony RomoT. Romo,4,1,3,29,7.2,0
Carson WentzC. Wentz,43,2,27,245,5.7,0
Robert Griffin IIIR. Griffin,40,2,29,232,5.8,1
Landry JonesL. Jones,37,3,24,277,7.5,1
Carson PalmerC. Palmer,38,3,20,255,6.7,1
Drew StantonD. Stanton,4,0,2,8,2,1
Jared GoffJ. Goff,20,0,13,120,6,0
Sean MannionS. Mannion,6,0,3,19,3.2,1
Johnny HekkerJ. Hekker,1,0,1,4,4,0
Pharoh CooperP. Cooper,1,0,0,0,0,1
Connor CookC. Cook,21,1,14,150,7.1,1
Matt McGloinM. McGloin,11,0,6,21,1.9,0
Trevor SiemianT. Siemian,27,2,17,206,7.6,1
Alex SmithA. Smith,28,2,21,264,9.4,1
Philip RiversP. Rivers,38,2,22,269,7.1,2
Russell WilsonR. Wilson,32,1,19,258,8.1,0
Trevone BoykinT. Boykin,6,0,4,42,7,0
Colin KaepernickC. Kaepernick,22,1,17,215,9.8,0